C5e1mE3nWPksPNDK,Nxk5STjh9xPVO5bx,­ÐfÀÖÈ»É¦Ã,àê±î¢íÅ_ö¥¿ø,­ÐfÀÖÈ»É¦Ã,C5e1mE3nWPksPNDK
gQwSbvqD4PYx1fiB,JapRu2CilapDAzNt,±²ç¥×¨´­ ±É¼rà·¶,¹ËlÉÏëî¥Î ¬,±²ç¥×¨´­ ±É¼rà·¶,gQwSbvqD4PYx1fiB
0OSdMZx5drmSl63f,yfL5jo74yKwTge4z,©µ·É¯iÝ½ä§Ógà,ê´­ÐâÜªÖÈÚø7,©µ·É¯iÝ½ä§Ógà,0OSdMZx5drmSl63f
K3pojimzjiNutjuG,sCbcy3jaPyqb0qiy,¾vÒÒã×Ûºâ¿×¤ÛÞÀ,ØµÂ Ôî»ûñã»ÏÖ»,¾vÒÒã×Ûºâ¿×¤ÛÞÀ,K3pojimzjiNutjuG
kukaxidVb1n5tNE0,UMR7omoEogh9R5b6,ÀÂ½çÖÓÑÖnÆ§f,ÁèÑ(ýÿ¶Lî¾åÝð¤,ÀÂ½çÖÓÑÖnÆ§f,kukaxidVb1n5tNE0
nLtY9olgJo1wsPRf,djen9KR37G7QsNpk,Ò¶ÙÇrº¾¶hÈæÂÑ,ý*ïåÿõÔ_¤ÞÌ,Ò¶ÙÇrº¾¶hÈæÂÑ,nLtY9olgJo1wsPRf
3s96oW7RrOKKdKzM,JBqD29P8gRHoe5UW,}µªz¡Ù¡ºÉÏ¤, ¡ÀÒý¯áO¡½Ï¤,}µªz¡Ù¡ºÉÏ¤,3s96oW7RrOKKdKzM
XvVowIYYjqekbEL0,qwXtMf0MwvVpW6rn,Éí®ãÄ¯¦áç»Û¹{¾,Ý²êÓÓ¦ÙÐ°,Éí®ãÄ¯¦áç»Û¹{¾,XvVowIYYjqekbEL0
l745wXUcHFgttxIX,q7JA2NXedM94T6ao,Ýn~v©¦­È¬ ¨È®ªÇ, ðÚã£¼eAvÑý³ò,Ýn~v©¦­È¬ ¨È®ªÇ,l745wXUcHFgttxIX
8rWJabgdJDc68V9c,U9603R61P4ThLXkj,«z´x·®¤Í,BäÍ±ßÙ¬Ö0óÐÎ¼,«z´x·®¤Í,8rWJabgdJDc68V9c
hkvLHYhtpI5r9b3u,apVsZtkrzKPBSpjv,ÉÛÌ¿¢ÍÓæê´Òë,ºÁöÞû¶íµÃÞ»¦¦,ÉÛÌ¿¢ÍÓæê´Òë,hkvLHYhtpI5r9b3u
S107GDpjnzmnPrD6,Y0rJeVv7mtYAwkAN,¬a¢¬æ¡ÛîÆ¯ÇÝ,ÏîìÿÛäGß­ªýÊ³,¬a¢¬æ¡ÛîÆ¯ÇÝ,S107GDpjnzmnPrD6
sMG8tihBSFcogvf7,5qOwILdo6PdrWvnm,¨¾¯½µÌ±Çá¾ìÔ¤,º¦èÇâ©¿äÄ÷¼,¨¾¯½µÌ±Çá¾ìÔ¤,sMG8tihBSFcogvf7
fBieQDTkmVd7jqMN,KMx0zWcY3IGOGtfk,±áË·Ä «±å³¹,å§ëÓ ³éé¼ïÝÀ,±áË·Ä «±å³¹,fBieQDTkmVd7jqMN
0YoGpI7y0gULAGsW,H5ONkCNMx8Vq4UWl,x¾ÛÆ¨«½uÊÃ,¿®ÉXÌÌÐ{¡²°Û¢,x¾ÛÆ¨«½uÊÃ,0YoGpI7y0gULAGsW
LT8pXPBrBOOBUKjz,HaOLwMEeF7CQ4tw3,µ¼Ï×¿á­,¹âðªïÇ§µ®ù¾Ú,µ¼Ï×¿á­,LT8pXPBrBOOBUKjz
w2OCIPUEtL5u1dNc,wN43B6O4BE3BqtUp,îv¤y¶h·¢Ø£Ó,j´¬Ì¿ m¡º&,îv¤y¶h·¢Ø£Ó,w2OCIPUEtL5u1dNc
Bp3WWddmHjevtTaR,K8BtMQiaOcEBauT7,¨uË¤µÍÎÍª¸ÕÉµ,£Á¯²¼ÛûSÑð,¨uË¤µÍÎÍª¸ÕÉµ,Bp3WWddmHjevtTaR
5v4DbMmECJJF9NXQ,ZTiWVfJrsFfTfrtM,Ê¸³··¶°ÀÌ,ôÄÔ¤¼ÄÝèº¢¥®,Ê¸³··¶°ÀÌ,5v4DbMmECJJF9NXQ
urDpxevLdwMGHWBV,bLduI7jcumoPC0HU,×¾¨åÁà¯Ùä¼«,ëÛâê÷²õºÌì·Äì,×¾¨åÁà¯Ùä¼«,urDpxevLdwMGHWBV
8junjxtdtC1MeBXS,PoKWhmuOgjopccl6,ÙÀÅÒåé³Û­ ½È¥Ä,ö¼±Éß¶·³ÔÍûìéå,ÙÀÅÒåé³Û­ ½È¥Ä,8junjxtdtC1MeBXS
kZnA4J0EOVBG2Q5k,edTptUWkJSmuiafZ,Ð¾Â±¨°©¯¼²Å,¥Ôù°®ðä¢ß³£,Ð¾Â±¨°©¯¼²Å,kZnA4J0EOVBG2Q5k
Pmh4GNv9Miyolr5g,ibBVlNdQzaEPJndF,¹Ïª³ÚÇÊ¾¿¶à­,½º¾¶ó ³ù£ ,¹Ïª³ÚÇÊ¾¿¶à­,Pmh4GNv9Miyolr5g
7v4JcS2GGXK8dN84,9YoQlspCyLXUSlFn,pÏ£ÏÆ¢À¤£·º~¢,ú§ÿ©ÃlkÈ´Æ¡,pÏ£ÏÆ¢À¤£·º~¢,7v4JcS2GGXK8dN84
kja9LEBifFWtc60X,ihxCgSUspTIgnav8,ÔÒÙ|³ÜÖ ÛÑ¦,Ã«©½ÖÀù«øÑ4ÁÇ,ÔÒÙ|³ÜÖ ÛÑ¦,kja9LEBifFWtc60X
N7r1cbG13hn86LIr,xmWFECPNmfPazZgj,Æ¤Éw¨¥ Î¾°¦°Ü,ºÿÚ´ÃÃÂÁðLÒD,Æ¤Éw¨¥ Î¾°¦°Ü,N7r1cbG13hn86LIr
bAqXfPF59OTo9VNc,3ZFBfoKCIKn8L86e,·Ì¿xÂ§È,ë¼¡ÛÄëÖÐÛ÷E,·Ì¿xÂ§È,bAqXfPF59OTo9VNc
VjkDvvYiAna77h9Y,coX1VJW0InHblzu8,¹ÙÃuÌÀ°Ü©£â®,¦ÿë§¿êöwë¥,¹ÙÃuÌÀ°Ü©£â®,VjkDvvYiAna77h9Y
j5N8ucpNFzWWqFh4,vdxhNvjHSySspu3s,àÆ ÃÙÚóªÊá»§,¦êÒýÍ·ÞÒÐÆÉÝ,àÆ ÃÙÚóªÊá»§,j5N8ucpNFzWWqFh4
j9XvB53Myu5iaWke,la7kZuUW7VFVwDMF,Öáª¤°Ë{¿Ø¸«,°õQãÐÛÕÁûÊ®ÖÀ,Öáª¤°Ë{¿Ø¸«,j9XvB53Myu5iaWke
gchEzKFqBbKF6TUx,PrlUhv6rtQEmJChK,·ÕÔâÁ|ã¶³³½Ã,©¿ªÞôãâ¹a,·ÕÔâÁ|ã¶³³½Ã,gchEzKFqBbKF6TUx
VYq82mpCuObwiwx2,8vBiYY3KR9bX37hf,Ï³¡Æ£ÇÄÏ®à,é·ÓÞì½¬ï¯¼Ìð,Ï³¡Æ£ÇÄÏ®à,VYq82mpCuObwiwx2
Z70RlYj3d0adUdJ2,dmcBtlK2NDIvGW5s,¾¤àÅµe²tªÚ»¥,«d³ÈïyëÐÃÖ,¾¤àÅµe²tªÚ»¥,Z70RlYj3d0adUdJ2
sb2bRJ0J7mSQ6hmU,regllZDAHf7rmTFK,åÇÎ¾¤tÓÃ£¼³ ,~ü÷õÖ²âè´ÍÇ¡k±,åÇÎ¾¤tÓÃ£¼³ ,sb2bRJ0J7mSQ6hmU
g1WFIMGSFR4nt9TF,Iw85UewrRwmtJTfL,°¨{²¾ÅÉ¡â¾º,ËÙ¶¶½´¹l°³²õ,°¨{²¾ÅÉ¡â¾º,g1WFIMGSFR4nt9TF
ua4o1szpJGx6wBjO,wG9ScbTdM8xtYFeb,ì¨mÂÕÎÔðªÐÏ±,Tó»Á¢ÖÜæ¥Ä,ì¨mÂÕÎÔðªÐÏ±,ua4o1szpJGx6wBjO
ogYEpEB4GXXrDKw3,pNBRUhFazw7m7QHh,ßµÅ­ÁÏß{¿,óÍøX¬þ§ëåî±,ßµÅ­ÁÏß{¿,ogYEpEB4GXXrDKw3
FUs6sTmuwthvRS8l,ybhz8lGtPD2R0fx0,¿·Û°«À´éÇ¸È¹°,à§´µú¶éãý»ï¼¹,¿·Û°«À´éÇ¸È¹°,FUs6sTmuwthvRS8l
xbcJ0idzph1POUvC,MyI1Qfx896iqfBR1,ÅÛ¬{ÏÜ²©ÁµÈt,­ËÁµðcïØ¨Z¦ Êê,ÅÛ¬{ÏÜ²©ÁµÈt,xbcJ0idzph1POUvC
rK3x6CBOUnFFg3it,X7FH5fgFvtFkKvZw,ÊyÀk©©Ëâ±²©Ãë,ÝÔöé·ÈõâÎ®{Ì9±½,ÊyÀk©©Ëâ±²©Ãë,rK3x6CBOUnFFg3it
BKJhF7RzQnyy1Vhb,1pn9UUbdVCRplbtf,s»¸¡´Þ§±Ëé¸ÜÈ,¨ÛÂ÷øèÎÓ\æÁ·²ä,s»¸¡´Þ§±Ëé¸ÜÈ,BKJhF7RzQnyy1Vhb
LLVT8sl2aKNgrUTX,ayo0yhZaREKAhwOo,­ÅÅ±ÛÆ³¨ÚÌ£Ç,ëÌ§ãàðÕÝÉÆò à,­ÅÅ±ÛÆ³¨ÚÌ£Ç,LLVT8sl2aKNgrUTX
9OGeCOelT9XKHKqp,zWJIMpjHmRS1gPVG,³¦®¿Ï´Á«|¯Ç·,Ê­ó¸ËÅ¦¼ ´§ËÚ,³¦®¿Ï´Á«|¯Ç·,9OGeCOelT9XKHKqp
CbBDErXNZ6XAwBkB,ccvYVIdx4tsnTUqk,¦Å¸»¼ÆªË¯ËÜ­,ÉòÑÇ÷ÙºØ,¦Å¸»¼ÆªË¯ËÜ­,CbBDErXNZ6XAwBkB
Ne8e60SvHjwdzRQD,uakxAx18MRW0qCDi,ÃÆ£Ýw¨®¼Îë­,úô÷Ó÷Å®À«¹E,ÃÆ£Ýw¨®¼Îë­,Ne8e60SvHjwdzRQD
OtaI3Ep4MsW5MOVD,mCynjbvFZO6yGxsS,¼·Ú·§æz§Â®ÇÉ,ÐùÎè ôÊßL,¼·Ú·§æz§Â®ÇÉ,OtaI3Ep4MsW5MOVD
SrzeDrWpwbRqAe9m,oJod2dkVmmu8gVdy,Â¼éÉvÖÂÆäÏÇ©¨»æ,ÙÝÔ© þ»×ïÿÚñÿ,Â¼éÉvÖÂÆäÏÇ©¨»æ,SrzeDrWpwbRqAe9m
Evjm9QAuJoLIDZ6Q,CPMKFC42VTt3ByLi,Æ·¸u§ ÃÀ|Óº,§Ä]¹ÿ½¥»Þg¥N¹,Æ·¸u§ ÃÀ|Óº,Evjm9QAuJoLIDZ6Q
5qNxnn4nUErbgxzk,Opb70m459Q2B1zhf,á°¯Ûh£¤¤òâÑ,ÃÍÕßýé²ßUï,á°¯Ûh£¤¤òâÑ,5qNxnn4nUErbgxzk
xPPTs7I0Q5eJmLfN,hghsOxKE9ZKBwKtg,à·¸ÇÂ¯u°äÚµ,Æ¦êä¬èÞÓëâÀè,à·¸ÇÂ¯u°äÚµ,xPPTs7I0Q5eJmLfN
qWkBgoAsHZ5T36m5,zVYlMMJnptvwSqP4,ë­Ä®´¼á¸Î«Ë§½i,¢¾Â¥·Þc×®Ô±À§,ë­Ä®´¼á¸Î«Ë§½i,qWkBgoAsHZ5T36m5
3bhhsrrwjSnbtJDp,LlKTyab7wa1CBmVz,Î³¼ìÓÔ®á´¥¶·ê,ý¿¥õÜþp¨¥Ú¾¯é,Î³¼ìÓÔ®á´¥¶·ê,3bhhsrrwjSnbtJDp
riy4X5MJLQALEXRA,Q6YULRGnYlRQ7r26,ÃÒ¤¸¥½|Êw,¡¬¥NÛ|Í¬ÓÉ¼¼,ÃÒ¤¸¥½|Êw,riy4X5MJLQALEXRA
w3hWeRMtmPWpan5r,4deNyTyRdEXRsh2B,«Í¥Þ¦ÆÆÑ¯ÂÔÖg´,û¦ÖÙZ¨ß§¨²ç÷,«Í¥Þ¦ÆÆÑ¯ÂÔÖg´,w3hWeRMtmPWpan5r
RsOujt4e5ruYHk2u,3O23YUo2SgOjJOZs,Â¨ÃÉ£ÙÄÃºè,ñâôÂáíÜîìùÿè,Â¨ÃÉ£ÙÄÃºè,RsOujt4e5ruYHk2u
hEBGomKF7YU1vQiF,dLo5cEA9s3PEj6WS,Ì±|Ò²ª¥vàÀ,öº{Â·ìøkÉ÷4,Ì±|Ò²ª¥vàÀ,hEBGomKF7YU1vQiF
1EGL3qeu8PCE1EqZ,iL4avfC14vGhnENv,{­©×¨¦lÆ­¿Ð,tâõÆÜ½HßµÕ,{­©×¨¦lÆ­¿Ð,1EGL3qeu8PCE1EqZ
1qW2bVxlIUEofWci,th1YcoKC7r85k73q,¥ÙÅÅÃ¯Ç}¤ÑÚ,Ù-çÞ¦¶¨ ûµðïñø,¥ÙÅÅÃ¯Ç}¤ÑÚ,1qW2bVxlIUEofWci
jgMwFMbbIW9TemWR,HTu5hCZGr4Cmjc1L,²»Â¬®¼©»|ÁÏÐ,»·Á×Ï±´¨Ãß°,²»Â¬®¼©»|ÁÏÐ,jgMwFMbbIW9TemWR
YQTBQ5uIsEKsKJqP,RkiLH3gaDg77V9rO,«¼½hÜª·¬ª¡ã,÷¨±Âò±º©´£bÇ ,«¼½hÜª·¬ª¡ã,YQTBQ5uIsEKsKJqP
b8VWu9TIIGoTomsW,7SoXDAu010lblHFU,Å¯¹zÉyzwÛ¶Ûµ¹¬,"mÆØ ¢ ØjüH",Å¯¹zÉyzwÛ¶Ûµ¹¬,b8VWu9TIIGoTomsW
LW0fgIeFbFxK4Kk1,nAA6YKdj7OoO9WZi,ºqÀÉ°çm¢Å,³°àÇsÔæ¸åïÆ,ºqÀÉ°çm¢Å,LW0fgIeFbFxK4Kk1
v4C2P9XlxcHVCFc4,tNJzMaE8478JWtFP,ê¬¤¬ º©,Þ¥¢ñ±Ô³¯«,ê¬¤¬ º©,v4C2P9XlxcHVCFc4
SD8a14s9sRJyC9Wl,GWpykq1KQFhR5g95,¨Ú¥¤Ä²Ëx ¡,®Ù~å÷´«Õ¢§¡¶,¨Ú¥¤Ä²Ëx ¡,SD8a14s9sRJyC9Wl
HGfQuNy4UGSB9cPr,qdmSrd5PPdaBgxFf,¹«Ó¤ç²®¥«´ ÛØ,Ø¸±ù¨µý¢§ëÚï²,¹«Ó¤ç²®¥«´ ÛØ,HGfQuNy4UGSB9cPr
8zEU7hglwVO94ZPu,J8QT5D5galXXDnYO,²©l¬ÓØÂ§xÈ©Ä,àÜþ8ö°éo½¥,²©l¬ÓØÂ§xÈ©Ä,8zEU7hglwVO94ZPu
jHdxorPX8BwUqixQ,ncKoSgGIjj6XxveC,Ø«¯çÂÙ¡¢¬­­éßÝ,££íÅÆ÷äË²Ã¦×,Ø«¯çÂÙ¡¢¬­­éßÝ,jHdxorPX8BwUqixQ
woSAXsqw5F7LQtLT,HJFquLuQ9k3ZKYaR,¿¹²Í¿æÈn±j¦Í­¦, C®³µõ£Â¥çà°Ë,¿¹²Í¿æÈn±j¦Í­¦,woSAXsqw5F7LQtLT
i5yBQ9OTHaHPtmAk,Xw2ggMyP4pFMWbtx,Á¬«©¸È¤|ÑËÏµã,WÑµàøì¸©ß×¦,Á¬«©¸È¤|ÑËÏµã,i5yBQ9OTHaHPtmAk
XqFbVtZLjgzqFhGj,xPInrzg3EwhI349E,ÐÁÐÈîÁ¯Þâºy¯,¥Óÿ¶ø¢ÙÂ±ßÊ,ÐÁÐÈîÁ¯Þâºy¯,XqFbVtZLjgzqFhGj
YGT8bhlPt6VtgsVs,AKt8pIKKo3nlz3TW,ÈpÒ±·ãiÄàá¦ªÊ,ðõæº½¥ÑÂïÔ[Ì¿,ÈpÒ±·ãiÄàá¦ªÊ,YGT8bhlPt6VtgsVs
8ZEbMCD0ztZCS9YC,mSM704BBFqcbyM0N,¥­}wrÀå½¥Ì,Ú²Ë£®¸ ½K_¢V,¥­}wrÀå½¥Ì,8ZEbMCD0ztZCS9YC
1mkX1BeGAmnvuBjR,tYWC2rbYEXqk2z1c,¥ÆÂc´Ç Åßá§¼µ, ¦Ë×²¢²«óózûí¨,¥ÆÂc´Ç Åßá§¼µ,1mkX1BeGAmnvuBjR
9H148j86nqFrvlzF,DSCV5KsymwQ07wS6,}tmµ«¯Ûè¢­ãÍ|,ÂÇÁÃYsÅtJ­­,}tmµ«¯Ûè¢­ãÍ|,9H148j86nqFrvlzF
SrLEO9qcp2WAgauh,J1KOqOxP2N3BuX0V,£Àé³¢Ü¹¥¾,Ùº»Û§®ÖâÜñì,£Àé³¢Ü¹¥¾,SrLEO9qcp2WAgauh
VHUwTyWXJy6bCu1q,NO1dVwX7eJTMvj4a,¤Ûªð¯¯Ã¯¹ßeÒ,ä´ùyÛ»¤ûËó,¤Ûªð¯¯Ã¯¹ßeÒ,VHUwTyWXJy6bCu1q
5dRimYcKHzZdkgmB,gNenRuK8jdfmJsvi,²·×¿Î®²ÞÀÑµÚã«, åÑÅâ¤ ¼«¨±°¦°,²·×¿Î®²ÞÀÑµÚã«,5dRimYcKHzZdkgmB
KtGn9GYBuJOjrQLF,mABPSdUrPyJEDjur,¸µ¾«®´ÅÃ¯¶»Á¸,ÊÀ¸¥Õ Ë,¸µ¾«®´ÅÃ¯¶»Á¸,KtGn9GYBuJOjrQLF
hrGUPCArVriz9CVF,LoAiuFRv3XtN3HbO,´á¾ÅèÊÝÈl¸,¸Ç´*Åüµ±Ö©¹Ý,´á¾ÅèÊÝÈl¸,hrGUPCArVriz9CVF
PvlwhC7yBjneo9CK,98LhF733wYdXy9xw,®¸ß®zj¬¹ÃÒ½èr»Â,"Çë¬f¡Ï¬éÖÉ¿kô",®¸ß®zj¬¹ÃÒ½èr»Â,PvlwhC7yBjneo9CK
W97km6Q4XDMJM1L1,GDGrpqKpox4gvh29,}~ÝÝ§¤Ç¼±Ã~j,±¶¸´ýÛ@Ä8yÿ®±å,}~ÝÝ§¤Ç¼±Ã~j,W97km6Q4XDMJM1L1
9rpi8th5UQiWKyZR,wcjiDipQc88mesmE,°ÕÚÒ|ÝØ¸¡Ä°ìÇ,°µ¸Àç¿ÔÛ{ÏÁ½,°ÕÚÒ|ÝØ¸¡Ä°ìÇ,9rpi8th5UQiWKyZR
trEXWc67kVmnweDJ,2F3kI7tm30Cp95Zg,¦¸xÃ ª¤°Þ°±,¿ª¼Í¤¦Ó´­'àí¡¶,¦¸xÃ ª¤°Þ°±,trEXWc67kVmnweDJ
HcI1sQIl9hdKpcqe,JQTBG8LUPv5nk8f4,´sºÁÞ¹Û×,Ü¾ÝÞª±´µøô,´sºÁÞ¹Û×,HcI1sQIl9hdKpcqe
mTVWpjBl0pED8nfM,uFmBmvNsGoMNuTJV,âÃÝàßwß­Â°£,QÊÂÐ¾Ü¬ã¶ÁËÿÐ,âÃÝàßwß­Â°£,mTVWpjBl0pED8nfM
TTSvVznBPELB7ldy,a7nRw1HNmzf5sHew,µÁÈÍ«¶½¿²wª´Éð,¿;Ò°ÒµÙî±ÆÊ,µÁÈÍ«¶½¿²wª´Éð,TTSvVznBPELB7ldy
EcuPHdE9PF3eUJDc,YgW9uEW4RKImReMv,ÊÌ½©m¢|Ò§¯Ù,×«á½Ï³º°¦·þa,ÊÌ½©m¢|Ò§¯Ù,EcuPHdE9PF3eUJDc
a0i5ocdfkr8yzJmM,PwrH07wBk4HQwHTS,±§Û}Û¨Ö¦ÊñÁ ,óÃ§Æ¨¥L¡â½,±§Û}Û¨Ö¦ÊñÁ ,a0i5ocdfkr8yzJmM
h9zcafdfgBtQ2tGO,zt7YQF3x4eqdZnkw,â­±¼²¬Þ§åµâ²Æ,Ä»ß¨°îæÉò,â­±¼²¬Þ§åµâ²Æ,h9zcafdfgBtQ2tGO
B0uh1DBtMsqoaWv8,fBH7PWgkYUmS6c3K,¨r½©ß¦ÈÞÂº©,ÕíîÆ°£·½¶aÁçÄÓÚ,¨r½©ß¦ÈÞÂº©,B0uh1DBtMsqoaWv8
iY202cA5JE3QevPk,EMas1FJ28dTcdWgA,®¦£c©g©´ÉÍ·¬,Ð³¡Ïýö¦~Ê',®¦£c©g©´ÉÍ·¬,iY202cA5JE3QevPk
tgNAyTfz2rKLdPnK,NTv1H0ph3zkxPB4O,Â»ÄrÁÖâeì¶Ä´¢,^ãÑüÿÄÆÅõ ó,Â»ÄrÁÖâeì¶Ä´¢,tgNAyTfz2rKLdPnK
96LqNEjvGZmzec7o,AB15jkD8YRUqaGgO,zx}¦¸°®® ¬ÂëÆª¾,·ÚÛ¬ç'dîµ,zx}¦¸°®® ¬ÂëÆª¾,96LqNEjvGZmzec7o
dWikfJVunPf0NISy,nnOUpvtv7jtYfeA2,ÒÅ¸ÀÖÀÊë¥ºÚ´®«,åÉÍ©Çð¶Õ¸Õ,ÒÅ¸ÀÖÀÊë¥ºÚ´®«,dWikfJVunPf0NISy
dDbfng03sM8g5chS,a7B39OWAbOjeYUid,Å{¤§¶tÕ¢Ì¸Ñ·,§±óÿ¦¸«×Û©j,Å{¤§¶tÕ¢Ì¸Ñ·,dDbfng03sM8g5chS
VlvvlZhR4wuBzdy6,DGoJ0V4zfdUVOQzG,³åÀ°ÌÛÊÉµó},"ÏÊÌìî¤¿ÛÌÝ¨ê",³åÀ°ÌÛÊÉµó},VlvvlZhR4wuBzdy6
TLU4GnelL7VTE7PN,4jSgWu9Ua0MlNQdi,¶¨ãÁ­g£À´·,¢ÅÛÿ»¹ïð±Ê,¶¨ãÁ­g£À´·,TLU4GnelL7VTE7PN
IImxNi74OlMfEb8h,7bRFbtgDJDst2BGk,«¿¾°Ýx°ÀÚw¤Ó,ª­ÈW¶¡¸Ú¬!,«¿¾°Ýx°ÀÚw¤Ó,IImxNi74OlMfEb8h
YhSDoKsyom06RbMA,BIAfzt684ELN74UC,±ªé¿©±£²|¢,ÇÃ	¥áÉÂÀ¾©£àñ,±ªé¿©±£²|¢,YhSDoKsyom06RbMA
mqBKPKIhyCqGsOGy,SQlYSAHpFRxBAdrW,ÀÂ®¤£Ø¿é´³¹Ð,¤¢´¤Öñç¡ õ¶ñ,ÀÂ®¤£Ø¿é´³¹Ð,mqBKPKIhyCqGsOGy
AiC0dC55qhSerP3B,LLdX0hbZ8Xg4S35M,µ§«©ÀºÅh,Õ°ýîZöö¬¯ú±½,µ§«©ÀºÅh,AiC0dC55qhSerP3B
47liVqDzsOTDB0yK,VSjA00Buae8iDSAX,Öª¡ïÔ´­º£,¶¾Ëú» §Û·¾ùæâ½,Öª¡ïÔ´­º£,47liVqDzsOTDB0yK
