0he4wbDc,9UyUon9w,Y5DpryDX6oTw65HM,i½ÞæÐ}Ú,mÝ-ñÒ,i½ÞæÐ}Ú,0he4wbDc
9BcfjPuV,Hxg0DDD8,etoeYkQxMueUHt6W,ºÊ®¹,³¾¥­¹,ºÊ®¹,9BcfjPuV
daW6BXFS,FkJbtk6Z,L1ZREQvjLxeT9hT5,ªÌ¡¶Ã|­,¶C«ÖõÇ,ªÌ¡¶Ã|­,daW6BXFS
ZQeAMj57,5yiufdvm,LaGSs19WFpJzUukf,ÊÎ¶³Î«¤,¹ß¦©,ÊÎ¶³Î«¤,ZQeAMj57
iUr5aBQD,JPF8MCE3,k1yq1mmhOPXeFTMS,³¥¸m®w,ä·cÄV,³¥¸m®w,iUr5aBQD
avLebRr5,1N7qgFKo,PwNxzTqMooqKUf4h,ÄÖÉ½¤,ö½öÆó,ÄÖÉ½¤,avLebRr5
UlI8U2jJ,Tuppsape,2Ow7joASETskL3iq,©á¹¨ÈÚ¯,¿Þó½,©á¹¨ÈÚ¯,UlI8U2jJ
L4Mrogam,G9sNv26y,tfcfY5AWwWkPve58,mÀÀåæ,æ¨Ð¼=´¯,mÀÀåæ,L4Mrogam
B1NZ3eQW,AZcITCfK,ClixiVEE6DIgg0hE,±£¨·¢,ò½í£,±£¨·¢,B1NZ3eQW
LeQMW6LQ,R5TTdgwh,rIUwK5HXAmGBpkzh,¥¡»Ã¹,¹Ñ¥Ä,¥¡»Ã¹,LeQMW6LQ
vVReK9nE,eEMW484I,4xe6IYkEYwBUgKvX,Û¼q¢,~íõ¡,Û¼q¢,vVReK9nE
T9vTTsaF,lVRYWNNc,F5mqo1JEFZqYNaUR,ÀÈ­«Á¯©,«®³áß×º,ÀÈ­«Á¯©,T9vTTsaF
3R0rqmns,E2s6tEvJ,D3dLa6HBitQNEtjJ,x£¨å²ä½,ÈõÑ¿\Æ ,x£¨å²ä½,3R0rqmns
bRjytztu,hgsIebEL,DygUI8S3E7HjMuFB,Ê¹ÝÂÙÜ¹Á,ØþÎôÈ³,Ê¹ÝÂÙÜ¹Á,bRjytztu
gaDkOAfd,i1ndT09A,4vegMk548ASSKuEx,Ð²Ï£q¥,¯F©ÖÂ,Ð²Ï£q¥,gaDkOAfd
dO79Z3yv,S1PHyAaR,PUEpd7btlqIYjo2A,·ÓtÚÈ,ïPÖá¹Ø×´,·ÓtÚÈ,dO79Z3yv
k74Jnebz,vSPnUXaa,shtTuFGD2I08cmxX,á¸Ã½ÃÛ,·÷¡»¤,á¸Ã½ÃÛ,k74Jnebz
WPYzPy5n,MdqCPqGR,PVljdvRDzvfgyNfo,¤´Ê½ ê|À,ÊvÍ¹þ,¤´Ê½ ê|À,WPYzPy5n
jmbBUv40,omxuavqJ,Pr6O1jJccong2b29,ÙÚÚ·¶ì¥z,ñýRÚÒ¢í,ÙÚÚ·¶ì¥z,jmbBUv40
rSx62xqD,nm6oPgEf,fftanttfQakzQQ73,àÀ®¥ß¶ª,µØ©±ßåíð,àÀ®¥ß¶ª,rSx62xqD
nZkuWrt2,wtQUDOoA,e0V7g7XuVaqS1CVS,åÎ¼ÊÁãs,¨Ä³º²ì,åÎ¼ÊÁãs,nZkuWrt2
Yru3aPIO,EWHOyl2h,QXjAZJ5gIqmmhlPE,É½Ú¼{·,Â|¬ïØ ,É½Ú¼{·,Yru3aPIO
d5HD8wom,OgC8tvac,NUI1q1om8chaEJMi,³|¬íÐÐ,ÚÛñç©x,³|¬íÐÐ,d5HD8wom
SmrFxmPR,1UgzVEkQ,7vTuFKCyMdjQyFHU,ÂÙÀÎ²»£,´ »ÏÒì,ÂÙÀÎ²»£,SmrFxmPR
Uw7MOjD0,QvWF27pN,I6QPyjB4FnXPoKfH,¦í¡´~,ù½~°Ìªï,¦í¡´~,Uw7MOjD0
bjzzz0qU,DsbcM1Sm,OmTjDPhjReJ1PgAt,¦ÝÜÝÇaÄÂ,ÚiÚ²êõÃ,¦ÝÜÝÇaÄÂ,bjzzz0qU
hM1gpieY,g7nIGQKe,OUGCiaqSmctZbp40,Ï°·º°¾,§ÄÚÓ,Ï°·º°¾,hM1gpieY
ZdEjjv7g,LecpBAvl,bKaWGblty8yo9Btt,¦É¨Ú¬·­Ó,·ÄµëØé°Ú,¦É¨Ú¬·­Ó,ZdEjjv7g
W38hMW5l,HME94wY2,czkzMKg7sFeD9AvS,}¡Î,ò ëlÅ,}¡Î,W38hMW5l
9XUV8qbY,NuvIIXLj,QIHgmA2aYWlrugYp,ÍËÉ®Ã,×Öë ,ÍËÉ®Ã,9XUV8qbY
eY2YWfOU,4KyhN2lN,aYow7uY9GUWn6QVk,¤«Á¥»£,º¤,¤«Á¥»£,eY2YWfOU
cYqfQipa,XAOqyg0G,IQGJfw0ZnEK7qety,»À×ÊÐ ¨,íÄ¬Õ¬ô,»À×ÊÐ ¨,cYqfQipa
OSw1PRaB,fFEgSAqR,ULzcl9E2MgBts0tV,µ¼£Ò,»¸êªü,µ¼£Ò,OSw1PRaB
Qef3x6eM,wkhBeIRh,2CwaGtupXpZvRQyx,ÈÐÎuÝ·µ,·L¢ÝõÂ},ÈÐÎuÝ·µ,Qef3x6eM
vW9mtPaQ,NBOu1olC,8HFPr3lDlLWejV90,Äâ¥¿Í,ñ»Ü¡ÜüÝ,Äâ¥¿Í,vW9mtPaQ
nlS59rh4,FIRFqi7k,ijYe8KYQHB3FeTXo,´µ¥{ªÛ,óõ¼éª¤E,´µ¥{ªÛ,nlS59rh4
7GP0KsvY,fl6ssA9Y,76iSmqtexywPtUeZ,³£¾´¯²,ñû±±,³£¾´¯²,7GP0KsvY
bYOrE6u9,KXx5W03x,05DzMmQ6FIx99q6g,­±Ç§f¨±,êòÙ­ ö,­±Ç§f¨±,bYOrE6u9
LpS0kMnP,6QDJoMhD,3f5ALypYbM2EfaQP,ÁzÚÖ,±Ñ¨Ù¶s,ÁzÚÖ,LpS0kMnP
iBqTn6EF,Mb3wRs4E,OjZuVD9y34cHaZVQ,¶¤¤ËÀ©y,¼÷@¶ºËã,¶¤¤ËÀ©y,iBqTn6EF
4rkwVzp3,EToygE56,izqL1uI9aqJLpvht,yÆÚð½¿¥i,µ´i8Åû½,yÆÚð½¿¥i,4rkwVzp3
KHxRdvT6,kHcvaTIH,aDlRyA14Xd19MkvO,¶ÛÈÅÊ~,üêÀº³,¶ÛÈÅÊ~,KHxRdvT6
JeqOyxUT,9CQmnLp9,VhJyC1M7cVCF07NA,¨Â¼çÄÅ,ÒúÌ²ð®ÁÊ,¨Â¼çÄÅ,JeqOyxUT
UTQbynqy,KRpO35QB,hai5zmhCTRuPQpkV, ¦Á±¬£Â»,ÞÞ»Â¤, ¦Á±¬£Â»,UTQbynqy
yqU9hRwJ,0bd23VAD,gatQhdSEmu8Lv44G,©Ó¹k¨¸,¼ô·Þi,©Ó¹k¨¸,yqU9hRwJ
8aoJDUQx,sgSNHICC,V1fXsG50Y03t1rjn,«ÈÂ»,ÁéýÆ,«ÈÂ»,8aoJDUQx
K721OX3U,pJtdDic1,F780v0uuPLofa4Hf,»¦Á,ºÁÐ¬,»¦Á,K721OX3U
hp9LH5dg,2PHIPwe3,gDPv1D0jGeu3DIQj,À¬É,¸ìßïÍà,À¬É,hp9LH5dg
SpoyRX3b,Soy1kjsr,VqIr5bpJkuxhroL0,¦ßèª½Â¦Ô,ÆÎáÒÔÐ,¦ßèª½Â¦Ô,SpoyRX3b
JehkscIb,hd9myA6h,DAPSIvacCm0a6B8K,²É¡Øì¤Ê,ëøÍýøð,²É¡Øì¤Ê,JehkscIb
XGdhKdTy,Yuy0fYOB,fkaVrtOAOEvGHFEd,±¼Ý±½£»,´ª×½,±¼Ý±½£»,XGdhKdTy
Dog60OCo,oezjFRdE,87BB1uN8kMT7aF6h,³Ôá v¡§´,%Û±Áãçð,³Ôá v¡§´,Dog60OCo
Fu1eiI2t,0YPldr4k,w9nDNWIe8ndyjdGq,vÎÑÍ»fß,ìlâRýÅ,vÎÑÍ»fß,Fu1eiI2t
syGBf9x2,iNi2VMK6,yyw6KwSWSSihnHCt,ÜÇ°t¼Ãh,¬Ý6ùø W,ÜÇ°t¼Ãh,syGBf9x2
Q6Un7uJr,eBI1FtOt,Ubzz78GhKjY4R2Zo,¶x}éæ,cáº¨Ór,¶x}éæ,Q6Un7uJr
lRaJw4V9,x1tFfOWA,AJe7ZPgU6CswWUs5,äÕÝ­z,ª»:éÁð,äÕÝ­z,lRaJw4V9
GaJoAMRH,z3SuQvJr,IZcsK49fhIjPWBzd,ÁäÃº,³ÐÝâÞæ,ÁäÃº,GaJoAMRH
aOLVUrgR,YtQ5983v,u0s3nhWcHMLyPYcT,ºÃªÈ,³×¥ò©¼,ºÃªÈ,aOLVUrgR
AxM4iApz,rMcU4Kq6,XGP3KMjKTFnx5fwv,³Å°á°,ßûÍî­´,³Å°á°,AxM4iApz
L5L5jikT,n5ACLQ7f,Vl7NSgG9thwkYO89,ºjx¶º¢º,¾â°Bòx,ºjx¶º¢º,L5L5jikT
lZeKaYTR,mUnDp8nQ,qJYbXaLXJylsjXcZ,Ù¯ÓÑÂ£,ê¢÷²ëü,Ù¯ÓÑÂ£,lZeKaYTR
6GcYRZhT,aXN5UyND,ecuDmPfs6Y8iLsdx,±§Ó¶,ôéûµ¶¼³,±§Ó¶,6GcYRZhT
yeoyJ1iz,QXiUVUyL,gxDURCQ3kND71I3R,Ê½ØÎ âÆ,¬°â¤©·º¯,Ê½ØÎ âÆ,yeoyJ1iz
d6HtowOV,0RpAFrFr,8wL7AcL8sHwUElJR,¸µµéÈ,þÖ®ª¾ß,¸µµéÈ,d6HtowOV
A4nnTdhd,Iyf7vnHZ,7j4XIwWhOZigJPy7,­Ô¥ÊÒ°¾,²âíúú,­Ô¥ÊÒ°¾,A4nnTdhd
ITGjtwAW,Ps2WG8bI,O1ZCZdapOVIX2hdv,ÇyÁ»¯£ ,»È°»ñË|Ç,ÇyÁ»¯£ ,ITGjtwAW
7oZnZpSB,04Qg9VH0,Zpk1wvqPWGIzqwrK,g£«ÕÆr,ñ¹9a¢¨Î,g£«ÕÆr,7oZnZpSB
unvHeOKF,kQwi7vAk,fRyWHYauVGxJK9Be,à¿í±Å±,¬Ð¬ãßÎ¡,à¿í±Å±,unvHeOKF
rL73cwmD,QkXb0eDD,I8YBWHkd3eumuVrM,Ã·Ü±,é§á©¼,Ã·Ü±,rL73cwmD
hFV15khd,yWtXx7BK,6Bb9jCu10u5m5sNB,áÊ­¢ª¯,«ýû¾­ñú,áÊ­¢ª¯,hFV15khd
2xMwCUyg,RJIZgyEe,D0OnoIp5A084ke4G,ÂÑªÎ¾Ì,¯ÎÉîÒ£,ÂÑªÎ¾Ì,2xMwCUyg
a1UmmWRB,d5ZQgvFh,4uVdg3pG2oTcy588,Åf¯¾ÔÍª,Ò×­Û`çÁ,Åf¯¾ÔÍª,a1UmmWRB
jUT6UrF7,BWDl0poa,xc0m8UnLDTuoDKg8,¬¬¢âµ,¹ÕðÐ²Ö,¬¬¢âµ,jUT6UrF7
1m68bscr,Xkx44C35,qV8pmXigsBWx3A3N,Ø®l¶§,¢ù¯×ÁôE,Ø®l¶§,1m68bscr
nHm5KswI,287znGZX,25BdsH7vuuE4RyuH, ¤¯¹ºÑ¡,þúÖñ±æ, ¤¯¹ºÑ¡,nHm5KswI
hQTAYRL9,bxzMBogo,xSQ7MACRGcDo5wLo,ÊÉÎÁ³¨,¤ñ¦ð²ÿÁ³,ÊÉÎÁ³¨,hQTAYRL9
UyIwkBEs,qGV9ABcI,Dzn1jXdDLoC5kcmk,ÆÀ°¬¨¼,¤¸Çû,ÆÀ°¬¨¼,UyIwkBEs
dyRZS4Pu,EjPkRn2b,ldsAIpcUwhBubRuz,©ã¢Å¥¢×,¾®³ãÁ´ê,©ã¢Å¥¢×,dyRZS4Pu
O2I1OxO0,gX2HaXiw,SbRYx2VTgP2dlmvS,¶{y°Ð¸§,âØ¢Õ[~,¶{y°Ð¸§,O2I1OxO0
9v03v4Hy,qpVRW9sY,pbVYCFSx3uvjXOau,ªæÍm»Ò,zá±ï´,ªæÍm»Ò,9v03v4Hy
ltguyvhY,Rj7Bbj0z,kS6uDwItTZlcP0DE,¾Þ·ÛàÓ,äéÂÅª,¾Þ·ÛàÓ,ltguyvhY
UheWeE09,mr3pfwZV,Dc9KVDBWjodrtfc2,ÂÚÇË¼,å°×¶àø¹¢,ÂÚÇË¼,UheWeE09
vvJ1lmeO,hLtXk38n,Ar7pYgPdF2rARh0C,ÞÂ¾× ½,ÐàØÕÍÞ®,ÞÂ¾× ½,vvJ1lmeO
YSbgWwS5,JSB76OWa,RXkP5sNBmaqtXg9g,£¦¤Æª,²ÿ°²Î²Ó»,£¦¤Æª,YSbgWwS5
ke8jpcOV,M8toJhLS,Lm7ZN0doWfn7MeQ1,¸¬ÙºË©,¡ÀÂÄ»È,¸¬ÙºË©,ke8jpcOV
gyZ8BnlO,cfCioXzW,nFaAfrUUKIzfCZ9D,Êß¡±Ææ¦,Éýï÷ñ°,Êß¡±Ææ¦,gyZ8BnlO
YQYr2FkT,1pFvHF0E,DkAi3Sw01xtM6w7c,Áèz,®½åß»,Áèz,YQYr2FkT
p2bgSYmt,la0jXLB9,OThmonBVCue5rxeH,ÜÑ«¥¯­,§¢õÁµÏ,ÜÑ«¥¯­,p2bgSYmt
knvNQPi2,UJObmBd6,e5mLT8N1hUliMgn1,À¸Å°¾Íh,³òÌMÙçå°,À¸Å°¾Íh,knvNQPi2
4VKJxq0R,UsQWmhUy,HRbyPPFWFZU84hMI,É¡åÙË,ëÑ²íñ¿,É¡åÙË,4VKJxq0R
QnrBwf5I,kj1BsRTC,JMKMapvm2sZZpkaD,¼Ø£ê¸,­Ã´­,¼Ø£ê¸,QnrBwf5I
exDbCxfb,kbuoUUDJ,nmnaZZsd5BrESvkB,ÐÚ¹ÑÍª¬,Ãâ¶Ùö¡÷,ÐÚ¹ÑÍª¬,exDbCxfb
UakYiPfi,8B7Irr6b,rglJrcGo1VdtRhGP,£¢¢ÛÂË,óõ­¨¢,£¢¢ÛÂË,UakYiPfi
xf6Fd2j2,fAWeLYwn,Tdmnt743UVk4yUCl,Þ§«°á ,±¹çúÓÅúô,Þ§«°á ,xf6Fd2j2
II4pT0sF,9HiFdJ7K,4X5SmiBb4LWl6jvZ,¶¸zª,¸nÈ®Ù©,¶¸zª,II4pT0sF
ncYXA4U5,ZoQvQbgT,IUqbkRb1Lkj2eDy3,ÈÒªÎ¼,¨§ÙÆÄ±Ì,ÈÒªÎ¼,ncYXA4U5
4JSzVTIW,Pl2HtqWE,UeHBlbLTgfNttZCH,¶ÂÊÅ ,øÆ¦ªÞ,¶ÂÊÅ ,4JSzVTIW
nX3sP6Rd,4MREyQeM,8wPvV1EoTrZlqUXj,¢¥¸É·±,¥½«Á½,¢¥¸É·±,nX3sP6Rd
xSjiYr8G,S1VG5MN5,yspo3Z74DGfa4YsV,ËÀ°¿|,³rÌÒ,ËÀ°¿|,xSjiYr8G
CtnZW4Ve,XMvpvHoF,ZxQkQ7lHginY8K6J,ÁäÊÍ|Å«,ðmúò½¾È,ÁäÊÍ|Å«,CtnZW4Ve
seksaap3123SEKS!,rYz8RYrPpNb9vcSg,LPbfjEBKGMqxiQuDJHxGBwzVd2FzWXdl,å¾å«³ºâ¡»®¦,§­ÆÁÒ©³ó«,å¾å«³ºâ¡»®¦,seksaap3123SEKS!
